{"cameraMode":{"drawMode":0,"name":"Shaded","section":"Shading Mode"},"sceneLighting":true,"audioPlay":false,"sceneViewState":{"showFog":true,"showMaterialUpdate":false,"showSkybox":true,"showFlares":true,"showImageEffects":true,"showParticleSystems":true},"in2DMode":false,"pivot":{"x":-21.182374954223634,"y":0.7853392958641052,"z":19.74184799194336},"rotation":{"x":0.02249772474169731,"y":0.005998561624437571,"z":-0.00013500529166776687,"w":0.9997292160987854},"size":79.00332641601563,"orthographic":false}